zone,collected_Pipiens,collected_Tarsalis,all_collected,trap_L,abund_Pipiens,abund_Tarsalis,all_abund
NW,22,34,56,8,2.38,4.25,6.63
NE,37,120,157,9,1.56,13.33,14.89
SE,32,99,131,15,0.07,6.4,6.470000000000001
SW,7,11,18,9,0.44,1.22,1.66
FC,105,527,632,34,1.32,15.41,16.73
LV,2,98,100,6,0.33,16.33,16.659999999999997
BE,5,165,170,8,0.62,20.62,21.240000000000002
