"zone","examined_Pipiens","examined_Tarsalis","examined_All","pool_Pipiens","pool_Tarsalis","pool_All","pos_pool_Pipiens","pos_pool_Tarsalis","pos_pool_All","pir_Pipiens","pir_Tarsalis","pir_All"
"NW",76,58,134,9,9,18,0,0,0,0,0,0
"NE",212,234,446,12,11,23,2,0,2,10.2,0,2.73501577287066
"SE",359,272,631,21,16,37,1,0,1,2.7,0,0.546978385531539
"SW",33,40,73,8,7,15,0,0,0,0,0,0
"FC",680,604,1284,50,43,93,3,0,3,4.5,0,1.16993118051879
"LV",31,249,280,5,9,14,0,0,0,0,0,0
"BE",97,376,473,9,15,24,0,2,2,0,5.5,4.37209302325581
"BC",0,136,136,0,5,5,0,1,1,NA,7.9,7.90073529411765
