"zone","abund_Pipiens","abund_Tarsalis","abund_All","pir_Pipiens","pir_Tarsalis","pir_All","vi_Pipiens","vi_Tarsalis","vi_All"
"NW",17.44,6.67,24.11,0,0,0,0,0,0
"NE",4.9,7.2,12.1,0,0,0,0,0,0
"SE",8.6,15.67,24.27,0.0038,0.0041,0.00399258343634116,0.0327,0.0642,0.0969
"SW",5.33,3.44,8.77,0,0,0,0,0,0
"FC",8.91,9.26,18.17,0.0013,0.0025,0.00191524490919097,0.0116,0.0232,0.0348
"LV",3.67,52.33,56,0,0,0,0,0,0
"BE",5.9,84.8,90.7,0,0.0012,0.00112238147739802,0,0.1018,0.1018
"BC",NA,49,49,NA,0.0041,0.0041,0,0.2009,0.2009
