"zone","abund_Pipiens","abund_Tarsalis","abund_All","pir_Pipiens","pir_Tarsalis","pir_All","vi_Pipiens","vi_Tarsalis","vi_All"
"NW",5.33,13,18.33,0,0,0,0,0,0
"NE",6.1,23.3,29.4,0,0.0044,0.00348639455782313,0,0.1025,0.1025
"SE",5.87,37.33,43.2,0,0.0057,0.00492592592592593,0,0.2128,0.2128
"SW",3.44,8.78,12.22,0,0,0,0,0,0
"FC",5.3,23,28.3,0,0.0043,0.00349469964664311,0,0.0989,0.0989
"LV",2.33,43.83,46.16,0,0.0035,0.00332322357019064,0,0.1534,0.1534
"BE",1.1,32.3,33.4,0,0.0031,0.00299700598802395,0,0.1001,0.1001
"BC",NA,49,49,NA,0,0,0,0,0
