"zone","abund_Pipiens","abund_Tarsalis","abund_All","pir_Pipiens","pir_Tarsalis","pir_All","vi_Pipiens","vi_Tarsalis","vi_All"
"NW",15.75,15.75,31.5,0.0061,0.0145,0.0103015873015873,0.0961,0.2284,0.3245
"NE",8.2,27.9,36.1,0.0151,0,0.00342936288088643,0.1238,0,0.1238
"SE",8.2,14.87,23.07,0.0088,0,0.00312960554833117,0.0722,0,0.0722
"SW",3.5,6.62,10.12,0,0,0,0,0,0
"FC",8.76,16.61,25.37,0.0092,0.0029,0.00507686243594797,0.0806,0.0482,0.1288
"LV",2.67,50.5,53.17,0,0.0072,0.00683844273086327,0,0.3636,0.3636
"BE",8.8,56,64.8,0.0129,0.0018,0.0033070987654321,0.1135,0.1008,0.2143
"BC",NA,34.4,34.4,NA,0.0061,0.00609883720930233,0,0.2098,0.2098
