"zone","examined_Pipiens","examined_Tarsalis","examined_All","pool_Pipiens","pool_Tarsalis","pool_All","pos_pool_Pipiens","pos_pool_Tarsalis","pos_pool_All","pir_Pipiens","pir_Tarsalis","pir_All"
"NW",163,50,213,12,9,21,0,0,0,0,0,0
"NE",434,161,595,17,11,28,5,2,7,14.4,13.1,13.5064377682403
"SE",329,163,492,18,14,32,3,0,3,9.9,0,4.23587223587224
"SW",35,39,74,6,7,13,1,0,1,34.2,0,8.03886925795053
"FC",961,413,1374,53,41,94,9,2,11,11,5,7.30018879798616
"LV",62,293,355,3,10,13,0,2,2,0,7.6,6.27281947261663
"BE",144,215,359,12,15,27,1,1,2,7.3,4.9,5.86350974930362
"BC",0,53,53,0,5,5,0,1,1,NA,18.8,18.8018867924528
