"zone","abund_Pipiens","abund_Tarsalis","abund_All","pir_Pipiens","pir_Tarsalis","pir_All","vi_Pipiens","vi_Tarsalis","vi_All"
"NW",5.44,5.44,10.88,0,0,0,0,0,0
"NE",7.3,16,23.3,0.0144,0.0131,0.0135064377682403,0.1051,0.2096,0.3147
"SE",8.71,11.64,20.35,0.0099,0,0.00423587223587224,0.0862,0,0.0862
"SW",1.33,4.33,5.66,0.0342,0,0.00803886925795053,0.0455,0,0.0455
"FC",6.1,9.79,15.89,0.011,0.005,0.00730018879798616,0.0671,0.0489,0.116
"LV",10.33,48.83,59.16,0,0.0076,0.00627281947261663,0,0.3711,0.3711
"BE",14.4,21.5,35.9,0.0073,0.0049,0.00586350974930362,0.1051,0.1054,0.2105
"BC",NA,10.6,10.6,NA,0.0188,0.0188018867924528,0,0.1993,0.1993
