"zone","examined_Pipiens","examined_Tarsalis","examined_All","pool_Pipiens","pool_Tarsalis","pool_All","pos_pool_Pipiens","pos_pool_Tarsalis","pos_pool_All","pir_Pipiens","pir_Tarsalis","pir_All"
"NW",238,118,356,11,9,20,0,0,0,0,0,0
"NE",173,234,407,13,12,25,0,1,1,0,4.4,3.48639455782313
"SE",191,561,752,17,21,38,0,3,3,0,5.7,4.92592592592593
"SW",75,79,154,8,9,17,0,0,0,0,0,0
"FC",677,992,1669,49,51,100,0,4,4,0,4.3,3.49469964664311
"LV",14,263,277,4,9,13,0,1,1,0,3.5,3.32322357019064
"BE",11,323,334,2,9,11,0,1,1,0,3.1,2.99700598802395
"BC",0,245,245,0,5,5,0,0,0,NA,0,0
