"zone","abund_Pipiens","abund_Tarsalis","abund_All","pir_Pipiens","pir_Tarsalis","pir_All","vi_Pipiens","vi_Tarsalis","vi_All"
"NW",3,0.78,3.78,0.0206,0,0.0163492063492063,0.0618,0,0.0618
"NE",13.4,4.3,17.7,0.0115,0,0.00870621468926554,0.1541,0,0.1541
"SE",5.4,3.67,9.07,0.0175,0,0.0104189636163175,0.0945,0,0.0945
"SW",1.44,0.67,2.11,0,0,0,0,0,0
"FC",5.93,2.58,8.51,0.0154,0,0.0107285546415981,0.0913,0,0.0913
"BC",3,6,9,0,0,0,0,0,0
