"zone","abund_Pipiens","abund_Tarsalis","abund_All","pir_Pipiens","pir_Tarsalis","pir_All","vi_Pipiens","vi_Tarsalis","vi_All"
"NW",5.44,3.11,8.55,0,0,0,0,0,0
"NE",7,4,11,0.0106,0.0504,0.0250727272727273,0.0742,0.2016,0.2758
"SE",7.53,10.87,18.4,0,0,0,0,0,0
"SW",5,5,10,0,0,0,0,0,0
"FC",6.44,6.42,12.86,0.003,0.0071,0.00504665629860031,0.0193,0.0456,0.0649
"LV",8.67,13.5,22.17,0,0,0,0,0,0
"BE",5.2,6.3,11.5,0,0,0,0,0,0
"BC",5,6.67,11.67,0,0,0,0,0,0
